Creation,MergeTime,id,isPr,N. of Comments,Closed,N. Labels,author, labelStatus, lastUpdateTime, milestoneTitle, Repository
1579291212,NA,28760,1,10,0,6,bsunanda,NNNNNNNNNNNNNNNNNPANNN,1579371742,CMSSW_11_1_X,cms-sw/cmssw
1579277009,NA,28758,1,8,0,6,fabiocos,NNNNNNNNNNNNNNNNNPANNN,1579371762,CMSSW_11_1_X,cms-sw/cmssw
1579271599,NA,28757,1,8,0,7,casarsa,NNNNNNNNNNNNNNNNNPAPNN,1579371766,CMSSW_11_1_X,cms-sw/cmssw
1579266634,NA,28756,1,8,0,9,pieterdavid,PNNNNNPNNNNNNNNNPPANNN,1579371926,CMSSW_11_1_X,cms-sw/cmssw
1579204412,NA,28755,1,17,0,9,makortel,NNNNNNNNNNNNNNAAANAPNN,1579371790,CMSSW_11_1_X,cms-sw/cmssw
1579192278,NA,28754,1,9,0,7,fabiocos,NNNNNNNNNNANNNNNNNAPNN,1579371746,CMSSW_11_1_X,cms-sw/cmssw
1579191091,NA,28753,1,9,0,7,cericeci,NPNNNNNNNNNNNNNNPNPNNN,1579371911,CMSSW_11_1_X,cms-sw/cmssw
1579122215,NA,28746,1,17,0,6,guitargeek,NNNNNNNNNNNNNNNNPNANNN,1579371806,CMSSW_11_1_X,cms-sw/cmssw
1579109906,NA,28745,1,11,0,7,bsunanda,NNNNNNNNNNANNNNNNNAPNN,1579371933,CMSSW_11_1_X,cms-sw/cmssw
1579101099,NA,28741,1,21,0,7,bsunanda,NNNNNNNNNNANNNNNNNAPNN,1579371751,CMSSW_11_1_X,cms-sw/cmssw
1579094422,NA,28740,1,14,0,8,amartelli,NNPNNNNNNNNNNNNNPNPPNN,1579371795,CMSSW_11_1_X,cms-sw/cmssw
1579082969,NA,28739,1,8,0,6,mmusich,PNNNNNNNNNNNNNNNNNANNN,1579371906,CMSSW_11_1_X,cms-sw/cmssw
1579000963,NA,28736,1,8,0,7,ahinzmann,NPNNNNNNNNNNNNNNPNANNN,1579371801,CMSSW_10_6_X,cms-sw/cmssw
1578501092,NA,28720,1,16,0,10,jan-kaspar,ANNNANANNPANNNNNANANNN,1579371853,CMSSW_10_6_X,cms-sw/cmssw
1578303082,NA,28711,1,27,0,8,riga,NPNNNNPNNNNNNNNNPNPNNN,1579371916,CMSSW_11_1_X,cms-sw/cmssw
1576885837,NA,28672,1,15,0,6,tanmaymudholkar,NNNNNNPNNNNNNNNNNNANNN,1579087297,CMSSW_11_1_X,cms-sw/cmssw
1576840838,NA,28664,1,34,0,7,suchandradutta,NNNNNNNNNNNNNNNNNPAPNN,1579371841,CMSSW_11_1_X,cms-sw/cmssw
1576786158,NA,28659,1,42,0,10,rappoccio,NPNNNNPNNNNNNNNNPPRNNP,1579371833,CMSSW_11_1_X,cms-sw/cmssw
1576749216,NA,28652,1,23,0,11,guitargeek,AAANPNNNNNNNNPNNANANNN,1579371824,CMSSW_11_1_X,cms-sw/cmssw
1576678626,NA,28649,1,11,0,8,Andrej-CMS,NNNNNNNNNPNNNNNPNNRPNN,1579371847,CMSSW_9_4_X,cms-sw/cmssw
1576244849,NA,28622,1,100,0,12,schneiml,PNPNNNPNNNNNPPPNPNANNN,1579371772,CMSSW_11_1_X,cms-sw/cmssw
1576146942,NA,28613,1,21,0,6,mrodozov,NNNNPNNNNNNNNNNNNNPNNN,1579008045,CMSSW_11_1_X,cms-sw/cmssw
1576039079,NA,28605,1,23,0,6,dildick,NNNNNNNNNNNNNPNNNNANNN,1579371819,CMSSW_11_1_X,cms-sw/cmssw
1575641238,NA,28572,1,28,0,7,mrodozov,NPNNNNNNNNNNNNNNPNRNNN,1576248799,CMSSW_11_1_X,cms-sw/cmssw
1575408724,NA,28538,1,12,0,7,makortel,NNPNNNNNNNNPNNNNNNPNNN,1579371755,CMSSW_11_0_X,cms-sw/cmssw
1575407941,NA,28537,1,116,0,7,makortel,NNPNNNNNNNNANNNNNNANNN,1579371938,CMSSW_11_1_X,cms-sw/cmssw
1574766166,NA,28477,1,20,0,6,zhokin2,NNNNNNNNNNNNNNNNNNPNNN,1579371891,CMSSW_11_1_X,cms-sw/cmssw
1574090386,NA,28417,1,67,0,12,swozniewski,NPNNNNANNNNNAPNPPNANNP,1579371810,CMSSW_11_1_X,cms-sw/cmssw
1573562628,NA,28380,1,30,0,6,schneiml,NNNNNNPNNNNNNNNNNNANNN,1579371860,CMSSW_11_1_X,cms-sw/cmssw
1572448498,NA,28313,1,45,0,8,bsunanda,NNNNNNNNNNPNNNNNNNAPNN,1579371885,CMSSW_11_1_X,cms-sw/cmssw
1571246447,NA,28190,1,101,0,11,mundim,PNPPNNNNNNNNNNPNPPRNNN,1579371898,CMSSW_11_1_X,cms-sw/cmssw
1568984199,NA,28040,1,39,0,6,guitargeek,NNNNNNNNNNNNNNNNPNANNN,1579371880,CMSSW_11_1_X,cms-sw/cmssw
1568296225,NA,27983,1,64,0,17,fwyzard,PNPNPNPNPNPPNNPPPPRPNN,1579371866,CMSSW_11_0_X,cms-sw/cmssw
1551913885,NA,26094,1,29,0,6,lowette,NNNNNNNNNNNNNNNNNAANNN,1578774618,CMSSW_7_1_X,cms-sw/cmssw
1535178144,NA,24389,1,41,0,6,fwyzard,NNNNNNNNNNNPNNNNNNANNN,1578774641,CMSSW_11_1_X,cms-sw/cmssw
1579165650,NA,5472,1,21,0,5,fwyzard,NNNNNNNPNNNNNNNNNNANNN,1579273376,-,cms-sw/cmsdist
1578492330,NA,5456,1,53,0,5,smuzaffar,NNNNNNNPNNNNNNNNNNRNNN,1579346107,-,cms-sw/cmsdist
1576678998,NA,5439,1,8,0,6,Andrej-CMS,NNNNNNNPNNNNNNNNNNRNNN,1576690710,-,cms-sw/cmsdist
1576507410,NA,5427,1,39,0,5,smuzaffar,NNNNNNNPNNNNNNNNNNRNNN,1578390208,-,cms-sw/cmsdist
1575667683,NA,5412,1,17,0,6,wouf,NNNNNNNPNPNNNNNNNNANNN,1576561765,-,cms-sw/cmsdist
1574926705,NA,5387,1,12,0,6,smuzaffar,NNNNNNNPNNNNNNNNNNRNNN,1576867859,-,cms-sw/cmsdist
1572443582,NA,5318,1,8,0,5,mrodozov,NNNNNNNPNNNNNNNNNNANNN,1575280211,-,cms-sw/cmsdist
1565267450,NA,5144,1,51,0,5,smuzaffar,NNNNNNNPNNNNNNNNNNRNNN,1575280223,-,cms-sw/cmsdist
1562765912,NA,5088,1,2,0,0,vkuznet,NNNNNNNNNNNNNNNNNNNNNN,1578983308,-,cms-sw/cmsdist
1562152241,NA,5070,1,3,0,0,vkuznet,NNNNNNNNNNNNNNNNNNNNNN,1578983397,-,cms-sw/cmsdist
1558607084,NA,5004,1,8,0,0,amaltaro,NNNNNNNNNNNNNNNNNNNNNN,1571402978,-,cms-sw/cmsdist
1557501682,NA,4956,1,3,0,0,vkuznet,NNNNNNNNNNNNNNNNNNNNNN,1571402381,-,cms-sw/cmsdist
1556644985,NA,4922,1,3,0,0,vkuznet,NNNNNNNNNNNNNNNNNNNNNN,1578983437,-,cms-sw/cmsdist
1576512199,NA,9,1,12,0,6,scodella,NNNNNNNANANNNNNNNNANNN,1579185693,-,cms-data/Configuration-Generator
1572449193,NA,2,1,5,0,7,lgray,NNNNNNNPNNNNNNNNPNANNN,1572468572,-,cms-data/CommonTools-RecoAlgos
1579193534,NA,4,1,30,0,5,mrodozov,NNNNNNNPNNNNNNNNNNRNNN,1579281924,-,cms-externals/onnxruntime
1574780462,NA,19,1,14,0,6,smrenna,NNNNNNNPNPNNNNNNNNRNNN,1576608494,-,cms-externals/pythia8
